end_station_name,zipcode
W 13 St & 7 Ave,10011
University Pl & E 14 St,10003
St Marks Pl & 2 Ave,10003
Montrose Ave & Bushwick Ave,11206
St James Pl & Pearl St,10038
Carmine St & 6 Ave,10014
Broadway & Whipple St,11207
W 33 St & 10 Ave,10001
Spruce St & Gold St,10038
10 Ave & W 28 St,10001
3 Ave & E 62 St,10065
Berry St & N 8 St,11249
Kent Ave & Division Ave,11211
34 Ave & 31 St,11101
S Portland Ave & Hanson Pl,11217
Bedford Ave & Bergen St,11226
W 30 St & 10 Ave,10011
Sterling Pl & 5 Ave,11217
Lafayette St & E 8 St,10003
Greenwich St & W Houston St,10014
Atlantic Ave & Furman St,11201
Vesey St & Church St,10281
W 84 St & Broadway,10024
Madison Ave & E 82 St,10028
Steinway St & 28 Ave,11103
Ashland Pl & Dekalb Ave,11201
Frederick Douglass Blvd & W 115 St,10026
31 St & 21 Ave,11101
Bergen St & Vanderbilt Ave,11213
Broadway\t& W 48 St,10019
St. Nicholas Ave & W 126 St,10040
Madison Ave & E 26 St,10037
Broadway & E 14 St,10003
W 43 St & 10 Ave,10036
Washington St & Barrow St,10014
George St & Wilson Ave,11237
E 6 St & Avenue D,10009
Spruce St & Nassau St,10038
W 82 St & Central Park West,10024
Henry St & Grand St,10002
Park Pl & Church St,10007
E 88 St & Park Ave,10128
Broadway & Berry St,11207
5 Ave & E 72 St,10021
Albee Square W & Fulton St,11201
Grand St & Elizabeth St,10013
Clinton St & Cherry St,10002
W 34 St & 11 Ave,10199
1 Ave & E 68 St,10021
W 36 St & 9 Ave,10018
8 Ave & W 49 St,10019
E 44 St & 2 Ave,10017
4 Ave & E 12 St,10003
1 Ave & E 30 St,10016
W 44 St & 11 Ave,10036
E 14 St & 1 Ave,10003
Emerson Pl & Myrtle Ave,11205
Grand Concourse & E 161 St,10451
W 31 St & 7 Ave,10001
E 84 St & 1 Ave,10028
St Marks Pl & 1 Ave,10003
2 Ave & E 72 St,10035
West Drive & Prospect Park West,11215
Home St & Westchester Ave,10459
West Thames St,10280
W 13 St & 5 Ave,10011
Prospect Park West & 8 St,11215
Broadway & W 29 St,10019
31 Ave & 34 St,11369
W 26 St & 8 Ave,10001
Clinton St & Grand St,10002
River Ave & E 151 St,10451
W 47 St & 6 Ave,10111
W 54 St & 11 Ave,10019
30 St & 4 Ave,11232
Norfolk St & Broome St,10002
W 50 St & 10 Ave,10019
Stewart Ave & Johnson Ave,11237
31 Rd & 21 St,11106
Hope St & Union Ave,11211
W 17 St & 7 Ave,10011
Central Park W & W 97 St,10025
1 Ave & E 78 St,10075
Christopher St & Greenwich St,10014
2 Ave & E 29 St,10016
Vernon Blvd & 50 Ave,11109
E 17 St & Broadway,10010
Creston Ave & E 181 St,10453
2 Ave & E 125 St,10035
E 30 St & Park Ave S,10016
72 St & 41 Ave,11377
St Nicholas Ave & Manhattan Ave,10027
E 89 St & York Ave,10128
Grand Concourse & E 166 St,10456
Columbus Ave & W 95 St,10025
W 16 St & The High Line,10011
Broad St & Bridge St,10004
W 21 St & 6 Ave,10011
Leonard St & Maujer St,11222
1 Ave & E 110 St,10029
E 20 St & Park Ave,10003
W 106 St & Amsterdam Ave,10025
Gramercy Park N & Gramercy Park E,10010
W 29 St & 9 Ave,10001
Bialystoker Pl & Delancey St,10002
Amsterdam Ave & W 119 St,10115
Frederick Douglass Blvd & W 112 St,10026
Intervale Ave & Westchester Ave,10459
Putnam Ave & Nostrand Ave,11216
Centre St & Chambers St,10000
E 6 St & 2 Ave,10003
Carroll St & Bond St,11231
W 34 St &\tHudson Blvd E,10199
3 St & Prospect Park West,11215
Fulton St & Broadway,10038
E 41 St & Madison Ave (SW corner),10017
5 Ave & E 87 St,10128
Suydam St & Broadway,11221
W 25 St & 6 Ave,10001
Broadway & E 19 St,10003
W 46 St & 11 Ave,10036
11 Ave & W 59 St,10069
W 26 St & 10 Ave,10001
W 64 St & Thelonious Monk Circle,10023
Broadway & W 38 St,10018
E 58 St & 3 Ave,10022
Central Park North & Adam Clayton Powell Blvd,10026
W 36 St & 7 Ave,10018
E 85 St & 3 Ave,10028
W 52 St & 11 Ave,10019
58 St & Pier 4,
E 59 St & Madison Ave,10022
Stagg St & Union Ave,
E 60 St & York Ave,10155
E 7 St & Avenue A,10009
Bus Slip & State St,10004
W 48 St &  Rockefeller Plaza,10036
Lafayette Ave & Classon Ave,11221
Clermont Ave & Park Ave,11205
Willoughby Ave & Wyckoff Ave,11237
E 11 St & 3 Ave,10009
27 St & Hunter St,11101
Broadway & W 51 St,10019
W 56 St & 6 Ave,10019
Fulton St & William St,10279
6 Ave & Walker St,10013
Albany St & Greenwich St,10006
Lenox Ave & W 111 St,10037
Washington Square E,10012
Broadway & W 131 St,10027
Cumberland St & Lafayette Ave,11238
E 47 St & 1 Ave,10158
E 72 St & York Ave,10021
W 4 St & 7 Ave S,10014
Allen St & Stanton St,10002
Cleveland Pl & Spring St,10012
21 Ave & Crescent St,11370
E 47 St & Park Ave,10017
North Moore St & Greenwich St,10013
Riverside Dr & W 72 St,10069
9 Ave & W 18 St,10019
4 Ave & 17 St,11215
E 55 St & 2 Ave,10022
Central Park S & 6 Ave,10105
31 St & Broadway,11106
E 16 St & 5 Ave,10003
Wilson Ave & Troutman St,11237
Lenox Ave & W 117 St,10026
E 22 St & 2 Ave,10010
W 42 St & 6 Ave,10019
Columbus Ave & W 72 St,10023
W 15 St & 10 Ave,10011
W 41 St & 8 Ave,10036
Madison Ave & E 99 St,10037
Bergen St & Flatbush Ave,11213
W 116 St & Amsterdam Ave,10027
Barclay St & Church St,10007
5 Ave & E 63 St,10035
Grand Army Plaza & Plaza St West,11217
Ft. Hamilton Pkwy & E 2 St,11218
Myrtle Ave & St Edwards St,11237
E 89 St & 3 Ave,10128
Stanton St & Norfolk St,10002
State St & Smith St,11201
E 63 St & 3 Ave,10065
Grove St & Broadway,11221
E 2 St & Avenue A,10009
Convent Ave & W 151 St,10031
Center Blvd & 51 Ave,11109
35 St & Broadway,11106
8 St & Astoria Blvd,11102
Henry St & Middagh St,11201
Wadsworth Ave & W 175 St,10033
Bleecker St & Crosby St,10012
Grant Ave & E 169 St,10456
31 St & 23 Ave,11105
W 20 St & 10 Ave,10011
10 St & 7 Ave,11215
46 Ave & 5 St,11101
8 Ave & W 52 St,10019
Manhattan Av & Leonard St,11222
Cadman Plaza E & Red Cross Pl,11201
11 Ave & W 41 St,10018
McKibbin St & Bogart St,11206
India St Pier,11222
Morris Ave & E 163 St,10456
W 87 St & West End Ave,10024
Lewis Ave & Kosciuszko St,11221
Brooklyn Bridge Park - Pier 2,11201
Decatur Ave & E 197 St,10458
Greenwich St & Hubert St,10013
W Broadway & Spring St,10012
E 20 St & 2 Ave,10010
W 11 St & 6 Ave,10014
E 15 St & 3 Ave,10003
Smith St & 9 St,11231
45 Rd & 11 St,11101
43 St & 35 Ave,11101
E 53 St & Lexington Ave,
Broadway & W 61 St,10034
Washington St & Gansevoort St,10014
Little West St & 1 Pl,10280
Mercer St & Spring St,10012
Vernon Blvd & 47 Rd,11101
Cliff St & Fulton St,10038
8 Ave & W 24 St,10001
2 Ave & E 55 St,10022
Verona Pl & Fulton St,11216
3 St & 7 Ave,11215
Onderdonk Ave & Dekalb Ave,11385
Greene St & Prince St,10012
Cooper Square & Astor Pl,
W 100 St & Manhattan Ave,10025
Broadway	& W 48 St,10019
Berkeley Pl & 7 Ave,11217
Hancock St & Stuyvesant Ave,11233
65 St & 35 Ave,11377
W Tremont Ave & Montgomery Ave,10453
34 Ave & 13 St,11101
Inwood Ave & W 170 St,10452
Icahn Stadium,10454
Grand St & Samuel Dickstein Plaza,10002
Kingsland Ave & Nassau Ave,11222
5 Ave & E 93 St,10129
Dock St & Front St,11201
Pike St & E Broadway,10002
Sands St Gate,11251
Boston Rd & E 167 St,10456
E 97 St & Madison Ave,10129
West St & Chambers St,10282
1 Ave & E 6 St,10009
E 66 St & Madison Ave,10021
E 75 St & 3 Ave,10021
Central Park West & W 68 St,10023
E 74 St & 1 Ave,10021
9 Ave & W 45 St,10019
E 12 St & 3 Ave,10009
Rogers Ave & Sterling St,11225
Lexington Ave & E 29 St,10037
E 51 St & 2 Ave,10022
Washington Ave & Greene Ave,11238
Devoe St & Morgan Ave,11211
E 58 St & 1 Ave (NW Corner),10022
E 163 St & Union Ave,10459
E 91 St & Park Ave,10128
W 106 St & Central Park West,10025
E 26 St & 3 Ave,10016
Crescent St & Broadway,11106
Cherry St,10002
Frederick Douglass Blvd & W 117 St,10026
West St & Liberty St,10281
Bayard St & Leonard St,11211
Vesey Pl & River Terrace,10282
University Pl & E 8 St,10012
W 10 St & Washington St,10014
South St & Gouverneur Ln,10041
6 Ave & W 33 St,10001
W 53 St & 10 Ave,10019
Adam Clayton Powell Blvd & W 126 St,10039
2 Ave & E 31 St,10016
Broadway & Hancock St,11237
Shore Blvd & Astoria Park,11102
Linden St & Knickerbocker Ave,11237
Canal St & Rutgers St,10002
Madison St & Forest Ave,11385
Monroe St & Classon Ave,11221
28 St & 36 Ave,11106
Broadway & W 58 St,10019
8 Ave & W 33 St,10122
W 104 St & Amsterdam Ave,10025
W 51 St & Rockefeller Plaza,10111
W 49 St & 8 Ave,10019
Columbia St & W 9 St,11231
W 63 St & Broadway,10107
W 51 St & 6 Ave,10111
Willoughby Ave & Myrtle Ave,11221
E 16 St & Irving Pl,10003
Madison Ave & E 120 St,10037
6 Ave & W 34 St,10001
Willoughby St & Ashland Pl,11201
Pearl St & Hanover Square,10038
1 Ave & E 16 St,10009
Greenwich Ave & 8 Ave,10014
9 Ave & W 22 St,10019
Centre St & Worth St,10013
Greenwich St & Perry St,10014
W 100 St & Broadway,10025
E 25 St & 2 Ave,10010
Broadway & W 36 St,10120
35 St & 30 Ave,11103
Division Ave & Marcy Ave,11249
Willoughby Ave & Hall St,11205
W 95 St & Broadway,10025
1 Ave & E 18 St,10010
Columbia St & Rivington St,10002
Pier 40 - Hudson River Park,10282
S 4 St & Wythe Ave,11211
Washington Park,11205
6 Ave & Broome St,10005
India St & Manhattan Ave,11222
Reade St & Broadway,10013
7 Ave S & Bleecker St,10014
Grand Army Plaza & Central Park S,10153
Bridge St & York St,11201
12 Ave & W 40 St,10199
W 22 St & 10 Ave,10011
Kenmare St & Elizabeth St,10012
Riverside Dr & W 145 St,10031
Lafayette Ave & Ft Greene Pl,11221
Ogden Ave & W 165 St,10452
Lafayette Ave & St James Pl,11205
Boston Rd & Prospect Ave,10456
Spring St & Hudson St,10013
Forsyth St & Broome St,10002
E 9 St & Avenue C,10009
Riverside Dr & W 82 St,10024
E 39 St & 2 Ave,10016
12 Ave & 36 St,11218
Center Blvd & 48 Ave,11109
Clark St & Henry St,11201
Henry St & Atlantic Ave,11231
Broadway & W 53 St,10019
E 163 St & Tiffany St,10459
Delancey St & Eldridge St,10002
Steinway St & Broadway,11103
39 Ave & 45 St,11104
Hicks St & Montague St,11201
Seaman Ave & Beak St,10034
Suffolk St & Stanton St,10002
Newtown Ave & 23 St,11102
Franklin Ave & E 169 St,10456
Driggs Ave & N Henry St,11211
E 2 St & Avenue C,10009
Knickerbocker Ave & Thames St,11237
W 37 St & 10 Ave,10018
W 218 St & Broadway,10034
Broadway & W 25 St,10019
Broadway & Morris St,10006
Fairview Ave & Linden St,11385
Congress St & Hicks St,11201
W 44 St & 5 Ave,10036
7 Ave & Central Park South,10019
E 51 St & 1 Ave,10022
5 Ave & W 131 St,10037
Great Jones St,10012
Broadway & W 56 St,10019
University Ave & Brandt Pl,10453
E 11 St & 1 Ave,10009
Henry St & Degraw St,11231
Forsyth St\t& Grand St,10002
Morton St & West St,10014
W 55 St & 6 Ave,10019
E 65 St & 2 Ave,10065
Forsyth St & Canal St,10002
Grand Concourse & East Mount Eden Ave,10453
W 204 St & Vermilyea Ave,10034
Degraw St & Hoyt St,11217
Amsterdam Ave & W 73 St,10023
Hudson St & W 13 St,10014
E 82 St & East End Ave,10028
Ave D & E 8 St,10009
36 St & Ditmars Blvd,11105
Atlantic Ave & Fort Greene Pl,11208
8 Ave & W 16 St,10011
Metropolitan Ave & Bedford Ave,11249
W 84 St & Columbus Ave,10024
Monroe St & Tompkins Ave,11216
Carroll St & Franklin Ave,11225
E 77 St & 3 Ave,10075
W 42 St & 8 Ave,10018
E 7 St & Ave B,10009
E 4 St & 2 Ave,10009
Stanhope St & Fairview Ave,11237
28 St & 41 Ave,11101
Eastern Pkwy & Washington Ave,11238
E 91 St & 2 Ave,10128
West End Ave & W 94 St,10025
23 Rd & 31 St,11105
E 1 St & 1 Ave,10012
Lispenard St & Broadway,10013
Market St & Cherry St,10002
W 50 St & 9 Ave,10019
W 163 St & Riverside Dr,10032
Water St & Main St,11201
Pearl St & Peck Slip,10038
Berkeley Pl & 6 Ave,11217
Lexington Ave & E 24 St,10037
1 Ave & E 94 St,10128
E 40 St & 5 Ave,10016
W 27 St & 7 Ave,10001
E 19 St & 3 Ave,10003
MacDougal St & Washington Sq,10014
E 5 St & Avenue C,10009
E 27 St & 1 Ave,10016
Division Ave & Hooper St,11249
31 Ave & 14 St,11106
W 39 St & 9 Ave,10018
E 14 St & Avenue B,10009
Thompson St & Bleecker St,10012
W 42 St & Dyer Ave,10036
5 Ave & 3 St,11215
E 3 St & 1 Ave,10009
W 147 St & Adam Clayton Powell Blvd,10039
E 7 St & Ave C,10009
W 74 St & Columbus Ave,10023
W 87 St & Amsterdam Ave,10024
E 51 St & Lexington Ave,10022
Stanton St & Chrystie St,10002
Avenue D & E 10 St,10009
Mercer St & Bleecker St,10012
E 40 St & Park Ave,10016
Walker St & Baxter St,10013
Putnam Ave & Throop Ave,11221
Lexington Ave & E 26 St,10037
Bushwick Ave & Stagg St,11211
8 Ave & W 38 St,10018
Morton St & Washington St,10014
Wards Meadow Comfort Station,10035
6 Ave & 12 St,11215
Wythe Ave & Metropolitan Ave,11211
W 67 St & Broadway,10023
W 76 St & Columbus Ave,10023
Gansevoort St & Hudson St,10011
E 10 St & Avenue A,10009
9 St & 44 Rd,11101
Lexington Ave & E 128 St,10035
Soissons Landing,10004
Lenox Ave & W 140 St,10037
W 116 St & Broadway,10027
E 12 St & Ave C,10009
Amsterdam Ave & W 66 St,10023
Howard St & Lafayette St,10013
E 58 St & 1 Ave (NE Corner),10022
E 2 St & 2 Ave,10012
Bedford Ave & Nassau Ave,11249
Central Park West & W 85 St,10024
1 Pl & Clinton St,11231
W 47 St & 9 Ave,10036
39 Dr & 52 St,11377
Sullivan St & Washington Sq,10012
Sharon St & Olive St,11211
E 53 St & 3 Ave,10035
King St & Varick St,10014
Carlton Ave & Dean St,11238
W 15 St & 6 Ave,10019
31 St & Newtown Ave,11101
Douglass St & 4 Ave,11217
44 St & 48 Ave,11377
Central Park West & W 76 St,10024
E 84 St & Park Ave,10028
Market St & Henry St,10002
W 37 St & 5 Ave,10018
Congress St & Clinton St,11201
W 20 St & 7 Ave,10011
1 Ave & E 62 St,10065
Bergen St & Smith St,11213
34 St & 38 Ave,11101
MacDougal St & Prince St,10012
36 St & 3 Ave,11232
31 St & Hoyt Ave N,11101
W 180 St & Ft Washington Ave,10033
Grand St & Havemeyer St,11211
E 53 St & Madison Ave,10055
E 81 St & York Ave,10075
Central Park West & W 72 St,10023
Perry St & Greenwich Ave,10014
E 20 St & FDR Dr,10010
E 17 St & 2 Ave,10003
61 St & Woodside Ave,11377
E 156 & Brook Ave,10455
E 5 St & Ave A,10009
W 20 St & 8 Ave,10011
Broadway & Roebling St,11207
Schermerhorn St & Court St,11217
W 89 St & Columbus Ave,10024
Park Ave & E 124 St,10037
Nassau St\t& Duffield St,11201
Cadman Plaza E & Tillary St,11201
E 128 St & Madison Ave,10035
31 Ave & Steinway St,11103
W 70 St & Amsterdam Ave,10023
Carroll St & Smith St,11231
Greene Ave & Nostrand Ave,11216
Lawrence St & Willoughby St,11201
Meserole Ave & Manhattan Ave,11222
W 56 St & 10 Ave,10019
Carroll St & 6 Ave,11215
E 167 St & Clay Ave,10456
Waterbury St & Stagg St,11211
Sterling St & Bedford Ave,11225
Riverside Dr & W 104 St,10025
E 41 St & Madison Ave (SE corner),10017
Sterling Pl & Bedford Ave,11216
Dock 72 Way & Market St,11251
South St & Whitehall St,10004
Union Ave & N 12 St,11211
W 24 St & 7 Ave,10011
E 81 St & Park Ave,10028
Classon Ave & St Marks Ave,11238
Dahill Rd & 12 Ave,11218
Douglass St & 3 Ave,11217
E 5 St & Cooper Sq,10003
E 182 St & Morris Ave,10453
62 St & 43 Ave,11377
W 160 St & St. Nicholas Ave,10032
Allen St & Hester St,10002
Prospect Park SW & 10 Ave,11215
Kent Ave & N 7 St,11249
Greene Av & Myrtle Av,11237
Jackson St & Leonard St,11211
Broadway & Moylan Pl,10115
W 22 St & 8 Ave,10011
S 3 St & Bedford Ave,11211
Washington Pl & 6 Ave,10011
Lexington Ave & E 36 St,10035
St Mary's St & Jackson Ave,10454
W 111 St & 5 Ave,10026
Albemarle Rd & McDonald Ave,11218
Madison St & Montgomery St,10002
W 52 St & 6 Ave,
Lewis Ave & Decatur St,11213
E 76 St & Park Ave,10021
Adams St & Prospect St,11201
Kingston Ave & Herkimer St,11225
Plaza St East & Flatbush Ave,11238
S 5 Pl & S 5 St,11249
Clermont Ave & Lafayette Ave,11205
Avenue D & E 3 St,10009
Roebling St & N 4 St,11249
E 35 St & Madison Ave,10016
E 39 St & Lexington Ave,10016
Adam Clayton Powell Blvd & W 132 St,10027
Driggs Ave & N 9 St,11211
E 56 St & 3 Ave,10022
Van Brunt St & Van Dyke St,11231
Graham Ave & Herbert St,11211
Cathedral Pkwy & Broadway,10025
5 Ave & E 29 St,10035
Adam Clayton Powell Blvd & W 123 St,10027
Lenox Ave & W 144 St,10037
Graham Ave & Grand St,11206
Bushwick Ave & Dekalb Ave,11221
Johnson St & Gold St,11201
E 13 St & 2 Ave,10035
Lexington Ave & E 111 St,10037
Park Pl & Franklin Ave,11216
W 18 St & 6 Ave,10011
Morgan Ave & Lombardy St,11222
Union St & Nevins St,11215
N 11 St & Kent Ave,11249
1 Ave & E 39 St,10174
3 Ave & E 71 St,10035
E 2 St & Avenue B,10009
Dean St & Franklin Ave,11238
N 15 St & Wythe Ave,11222
E 97 St & 3 Ave,10029
Flushing Ave & Vanderbilt Ave,11251
Putnam Ave & Wyckoff Ave,11237
E 27 St & Park Ave S,10010
3 Ave & E 170 St,10456
Greenpoint Ave & Manhattan Ave,11222
Cypress Ave & Palmetto St,11237
57 St & 1 Ave,11220
E 171 St & 3 Ave,10456
Queens Plaza North & Crescent St,11101
W 17 St & 8 Ave,10011
Amsterdam Ave & W 125 St,10115
W 35 St & 9 Ave,10001
Cambridge Pl & Gates Ave,11238
Central Park W & W 103 St,10025
St Nicholas Ave & W 134 St,10030
Washington Pl & Broadway,10012
Broadway & W 41 St,10018
Warren St & Smith St,11201
Brooklyn Ave & Prospect Pl,11213
E 68 St & Madison Ave,10021
Ditmars Blvd & 43 St,11370
40 Ave & 9 St,11101
Steinway St & 21 Ave,11101
E 106 St & 2 Ave,10029
E 85 St & York Ave,10028
Liberty St & Nassau St,10005
E 23 St & 1 Ave,10010
Willoughby Ave & Walworth St,11205
St Nicholas Ave & W 150 St,10031
Butler St & Court St,11231
Ave A & E 11 St,10009
25 Ave & 41 St,11103
Westchester Ave & Longwood Ave,10459
Morningside Ave & W 123 St,10027
Fulton St & Adams St,11201
Franklin St & Dupont St,11222
Scholes St & Manhattan Ave,11206
Halsey St & Evergreen Ave,11207
6 Ave & 9 St,11215
Grand St & Greene St,10013
Amsterdam Ave & W 82 St,10024
44 St & 2 Ave,11232
E 54 St & 1 Ave,10022
5 St & Market St,11251
E 170 St & Webster Ave,10456
E 138 St & Cypress Ave,10454
E 45 St & 3 Ave,10017
5 Ave & W 126 St,10027
Shakespeare Ave & W 169 St,10452
Madison Av & E 51 St,10022
Flatbush Ave & Ocean Ave,11225
28 Ave & 44 St,11103
Concourse Village East & E 158 St,10451
FDR Drive & E 35 St,10174
Jay St & York St,11251
Clinton St & Tillary St,11201
Bushwick Ave & Powers St,11211
E 81 St & 2 Ave,10028
Jefferson Ave & Evergreen Ave,11237
34 Ave & 45 St,11101
Devoe St & Lorimer St,11211
Wyckoff Av & Jefferson St,11385
7 St & 5 Ave,11215
E 149 St & Park Ave,10455
Warren St & W Broadway,10007
Coffey St & Ferris St,11231
Franklin St & W Broadway,10005
River Ave & E 153 St,10451
E 123 St & Lexington Ave,10035
E 9 St & 5 Ave,10003
Irving Ave & Harman St,11237
E 72 St & Park Ave,10021
62 St & Northern Blvd,11377
E 10 St & 2 Ave,10003
Eastern Pkwy & Franklin Ave,11225
Huron St & Franklin St,11222
W 148 St & Amsterdam Ave,10031
Lafayette St & Jersey St,10012
Richards St & Delavan St,11231
S 4 St & Rodney St,11211
Henry St & Bay St,11231
Davidson Ave & W Burnside Ave,10453
Halsey St & Broadway,11233
Wilson Ave & Moffat St,11207
W 54 St & 9 Ave,10019
E 48 St & 5 Ave,10017
E Houston St & Columbia St,10009
Old Slip & South St,10005
West End Ave & W 60 St,10069
Astoria Park S & Shore Blvd,11105
LaGuardia Pl & W 3 St,10012
34 St & 35 Ave,11106
Courtlandt Ave & E 149 St,10451
E 31 St & 3 Ave,10016
28 Ave & 35 St,11101
St James Pl & Oliver St,10278
8 Ave & W 31 St,10119
Orchard St & Grand St,10002
58 St & 2 Ave,11220
1 Ave & E 44 St,10158
Broadway & 49 St,11373
Madison St & Clinton St,10002
12 Ave & W 125 St,10115
W 47 St & 10 Ave,10036
Clinton St & Union St,11231
Lenox Ave & W 126 St,10037
W 218 St & Indian Rd,10034
W 12 St & Hudson St,10014
Harman St & Seneca Ave,11385
St Johns Pl & Washington Ave,11233
E 13 St & Avenue A,10009
Roosevelt Island Tramway,10044
52 St & 1 Ave,11220
Wyckoff St & Nevins St,11217
Riverside Blvd & W 67 St,10069
Adelphi St & Myrtle Ave,11238
Stuyvesant Ave & Gates Ave,11221
3 Ave & 17 St,11215
6 Ave & Canal St,10005
Brevoort Pl & Bedford Ave,11216
W Mosholu Pkwy S & Sedgwick Ave,10463
Plaza St West & Flatbush Ave,11238
Menahan St & Wyckoff Ave,11237
Ave A & E 14 St,10009
Murray St\t& West St,10282
10 Ave & W 14 St,10019
Graham Ave & Conselyea St,11211
7 Ave & 41 St,11232
Prospect Pl & Underhill Ave,11238
Nagle Ave & Ellwood St,10040
3 Ave & E 100 St,10029
W 145 St & Amsterdam Ave,10031
McGuinness Blvd & Eagle St,11109
Beck St & Leggett Ave,10459
48 Ave & 37 St,11377
Carroll St & 5 Ave,11215
E 44 St & Lexington Ave,10017
Myrtle Ave & Lewis Ave,11206
E 160 St & Tinton Ave,10456
Water St &  Fletcher St,10004
Lenox Ave & W 115 St,10037
Broadway & W 160 St,10032
Anthony Ave & E Tremont Ave,10457
Hart St & Wyckoff Ave,11237
5 Ave & E 103 St,10029
6 Ave & W 45 St,10019
Willoughby Ave & Tompkins Ave,11221
E 102 St & 1 Ave,10029
Knickerbocker Ave & George St,11237
Central Ave & Woodbine St,11221
Riverside Dr & W 91 St,10024
Underhill Ave & Pacific St,11238
Broadway & E 21 St,10010
Ditmars Blvd & 76 St,11370
2 Ave & E 104 St,10029
W 30 St & 8 Ave,10001
Adam Clayton Powell Blvd & W 115 St,10026
E 78 St & 2 Ave,10021
Hancock St & Bedford Ave,11233
W 56 St & 8 Ave,10019
7 Ave & Park Pl,11217
W 90 St & Amsterdam Ave,10024
Norman St & Wyckoff Ave,11385
Sherman Ave & Thayer St,10040
31 St & Northern Blvd,11101
E Fordham Rd & Webster Ave,10458
Bergen St & 4 Ave,11217
Rivington St & Ridge St,10002
E 33 St & 5 Ave,10016
4 Ave & 3 St,11209
E 33 St & 1 Ave,10016
5 Av & W 139 St,10037
W 107 St & Columbus Ave,10025
35 St & 34 Ave,11106
Nassau St & Navy St,11251
E 103 St & Lexington Ave,10029
6 Ave & 21 St,11215
Lexington Ave & E 120 St,10035
Broadway & W 165 St,10032
Columbia Heights & Cranberry St,11201
Goble Pl & Macombs Rd,10452
W 15 St & 7 Ave,10011
Picnic Point,10004
Greene Ave & Grandview Ave,11237
Kent Ave & S 11 St,11249
Prospect Park SW & Greenwood Ave,11218
Marcy Ave & Lafayette Ave,11216
East End Ave & E 86 St,10028
Degraw St & Smith St,11217
Fulton St & Waverly Ave,11207
Allen St & Rivington St,10002
DeKalb Ave & Hudson Ave,11221
Washington St & Laight St,10013
W 35 St & 8 Ave,10001
Metropolitan Ave & Meeker Ave,11211
Amsterdam Ave & W 175 St,10033
Sullivan Pl & Franklin Ave,11225
Washington Ave & Park Ave,11205
Garfield Pl & 8 Ave,11215
Evergreen Ave & Noll St,11206
Broadway & W 155 St,10032
Cedar St & Evergreen Ave,11221
Hanson Pl & Ashland Pl,11217
Maiden Ln & Pearl St,10038
Botanical Sq & Webster Ave,10458
Dean St & Hoyt St,11217
E 114 St & 1 Ave,10029
3 Ave & E 163 St,10456
Laight St & Hudson St,10013
E Tremont Ave & E 176 St,10457
38 Ave & 29 St,11101
Water St & Gouverneur Ln,10004
Wyckoff Av & Stanhope St,11237
Lexington Ave & Classon Ave,11221
3 St & Hoyt St,11231
Cypress Ave & George St,11385
Milton St & Franklin St,11222
44 Dr & Jackson Ave,11101
Flatbush Ave & Eastern Pkwy,11225
E 161 St & Park Ave,10451
Bond St & Fulton St,11231
Bank St & Hudson St,10014
E 56 St & Madison Ave,10022
Perry St & Bleecker St,10014
E 116 St & 2 Ave,10035
Sands St & Jay St,11251
Cabrini Blvd & W 177 St,10033
46 St & 28 Ave,11101
Mott St & Prince St,10012
Lenox Ave & W 146 St,10039
5 St & 6 Ave,11215
2 Ave & E 96 St,10035
Murray St & Greenwich St,10007
Park Ave & St Edwards St,11251
Fort Washington Ave & W 183 St,10033
Marcus Garvey Blvd & Macon St,11216
E 25 St & 1 Ave,10010
E 48 St & 3 Ave,10017
Lewis Ave & Madison St,11221
Fulton St & Irving Pl,11207
34 St & 4 Ave,11232
Adam Clayton Powell Blvd & W 118 St,10026
Clinton St & Joralemon St,11231
E 93 St & 2 Ave,10128
Mt Morris Park W & W 120 St,10027
Willis Ave & Bruckner Blvd,10454
E 115 St & Lexington Ave,10029
43 St & Broadway,11101
Prospect Ave & E 151 St,10455
E 106 St & Lexington Ave,10029
Commerce St & Van Brunt St,11231
West Broadway & Watts St,10013
E 4 St & Ave B,10009
Clinton Ave & Myrtle Ave,11205
W 59 St & 10 Ave,10069
Carroll St & Columbia St,11231
8 Ave & W 27 St,10001
3 Ave & Carroll St,11215
St Ann's Ave & Westchester Ave,10455
W 110 St & Amsterdam Ave,10025
Schermerhorn St & Bond St,11217
White St & Johnson Ave,11206
Albany Ave & Fulton St,11216
Madison St & Cypress Ave,11385
Lincoln Ave & E 138 St,10454
20 Ave & Shore Blvd,11105
Powers St & Olive St,11211
Duffield St & Willoughby St,11201
Central Ave & Decatur St,11207
6 St & 7 Ave,11215
Lorimer St & Broadway,11221
Van Buren St & Broadway,11221
Chester Ave & 12 Ave,11218
Willis Ave & E 143 St,10454
McDonald Ave & Vanderbilt St,11223
E 32 St & Park Ave,10016
31 Ave & Crescent St,11369
E 47 St & 2 Ave,10017
Crescent St & 30 Ave,11102
Carlton Ave & Flushing Ave,11238
5 Ave & E 78 St,10075
Riverside Dr & W 138 St,10031
W 40 St & 5 Ave,10018
Fulton Ave & E 168 St,10456
48 Ave & 5 St,11109
Central Park W & W 91 St,10025
Court St & State St,11231
Frederick Douglass Blvd & W 145 St,10039
30 Ave & 47 St,11103
38 St & 30 Ave,11101
N 6 St & Bedford Ave,11249
E 95 St & 3 Ave,10128
Amsterdam Ave & W 79 St,10024
Hoe Ave & Jennings St,10460
2 Ave & 32 St,11232
E 50 St & Park Ave,10017
Amsterdam Ave & W 152 St,10031
50 St & 7 Ave,11220
Ocean Pkwy & Church Ave,11218
Hamilton Pl & W 140 St,10031
45 Ave & 21 St,11101
Rutgers St & Henry St,10002
34 Ave & 21 St,11101
Broadway & Battery Pl,10275
E 43 St & 2 Ave,10017
DeKalb Ave & Vanderbilt Ave,11221
Bridge St & Water St,11201
Withers St & Kingsland Ave,11211
President St & 4 Ave,11215
E 68 St & 3 Ave,10021
E 149 St & Eagle Ave,10455
65 Pl & Woodside Ave,11378
Frost St & Meeker Ave,11211
Isham St & Broadway,10034
Bank St & Washington St,10014
Hudson St & Reade St,10014
Union Ave & Wallabout St,11211
Calyer St & Guernsey St,11222
Jerome Ave & W 195 St,10468
Edgecombe Ave & W 141 St,10030
Suydam St & Knickerbocker Ave,11237
Crescent St & Ditmars Blvd,11102
Wadsworth Ave & W 179 St,10033
Nagle Ave & Thayer St,10040
E 150 St & Gerard Ave,10451
E 106 St & Madison Ave,10029
Clinton Ave & Flushing Ave,11251
Columbia St & Degraw St,11231
Popham Ave & W 174 St,10453
Grand Concourse & E 167 St,10456
Goulden Ave & W 197 St,10468
West End Ave & W 107 St,10025
E 88 St & 1 Ave,10128
John St & William St,10038
E 132 St & Madison Ave,10037
President St & Henry St,11231
59 St & 4 Ave,11220
21 St & Hoyt Ave S,11106
Barrow St & Hudson St,10014
Myrtle Ave & Grove St,11237
Irving Ave & Jefferson St,11237
Fulton St & Utica Ave,11207
Halsey St & Tompkins Ave,11233
Front St & Washington St,11201
34th Ave & Vernon Blvd,11101
Underhill Ave & Lincoln Pl,11238
E 67 St & Park Ave,10021
Bulova Ave & Brooklyn Queens Expressway W,11377
St Nicholas Ave & W 137 St,10030
Central Ave & Weirfield St,11221
Intervale Ave & Kelly St,10459
Pulaski St & Marcus Garvey Blvd,11221
24 St & 5 Ave,11232
Crescent St & 35 Ave,11106
Rivington St & Chrystie St,10002
Lefferts Pl & Franklin Ave,11216
Church Ave & McDonald Ave,11218
35 Ave & 37 St,11101
Division St & Bowery,10002
Hudson Blvd E & W 36 St,10199
Sedgwick Ave & W Burnside Ave,10453
Catherine St & Monroe St,10038
Church Ave & Story St,11218
E 6 St & Avenue B,10009
Van Dam St & Greenpoint Ave,11104
Court St & Nelson St,11231
Broadway & W 37 St,10120
Adam Clayton Powell Blvd & W 130 St,10039
Riverside Dr & W 153 St,10031
Jackson Ave & 46 Rd,11101
Bushwick Ave & Harman St,11221
W Broadway & W Houston St,10012
Kosciuszko St & Tompkins Ave,11221
18 St & 27 Ave,11102
Gerard Ave & E 146 St,10451
Driggs Ave & Lorimer St,11211
Sheridan Ave & E 168 St,10456
34 Ave & 38 St,11101
Menahan St & Seneca Ave,11385
N 12 St & Bedford Ave,11211
Boerum Pl\t& Pacific St,11201
Prospect Pl & Vanderbilt Ave,11216
W 37 St & Broadway,10018
Montague St & Clinton St,11231
Monroe St & Bedford Ave,11221
Union St & 4 Ave,11215
St. Nicholas Terrace & Convent Ave,10031
Westchester Ave & Jackson Ave,10455
Riverside Dr & W 78 St,10023
N Moore St & Hudson St,10013
Melrose St & Broadway,11206
E 81 St & 3 Ave,10028
49 Ave & 21 St,11101
Lincoln Pl & Classon Ave,11238
Banker St & Meserole Ave,11222
E 106 St & 1 Ave,10029
31 Ave & 30 St,11369
3 Ave & E 169 St,10456
Cauldwell Ave & E 161 St,10456
Bruckner Blvd & Bryant Ave,10459
Broadway & Madison St,11207
Jay St & Tech Pl,11201
Melrose Ave & E 150 St,10451
Windsor Pl & 8 Ave,11215
E 188 St & Creston Ave,10458
17 St & 5 Ave,11215
30 Ave & 21 St,11102
Warren St & Court St,11201
36 Ave & 31 St,11106
Willoughby St & Fleet St,11201
Kane St & Clinton St,11231
Rockaway Ave & Bainbridge St,11236
3 Ave & E 112 St,10029
Lenox Ave & W 133 St,10030
Beaver St & Fayette St,11206
Pacific St & Nevins St,11217
Smith St & 3 St,11231
35 Ave & 10 St,11101
20 Ave & 38 St,11105
48 St & 50 Ave,11378
Featherbed Ln & Nelson Ave,10453
W 92 St & Broadway,10024
W 225 St & Exterior St,10468
7 Ave & 22 St,11215
14 St & 5 Ave,11215
11 St & 43 Ave,11101
11 Ave & Prospect Ave,11218
Leonard St & Nassau Ave,11222
Central Ave & Himrod St,11221
Yankee Ferry Terminal,10004
W 165 St & Fort Washington Ave,10032
Gerard Ave & McClellan St,10452
Union Ave & Jackson St,11211
38 St & Northern Blvd,11101
Anderson Ave & W 164 St,10452
W 18 St & 9 Ave,10011
Pleasant Ave & E 116 St,10035
E 58 St & Madison Ave,10022
36 St & Queens Blvd,11101
Whitehall St & Bridge St,10004
W 113 St & Broadway,10025
Willoughby Ave & Onderdonk Ave,11237
Willis Ave & E 137 St,10454
Creston Ave & E 178 St,10453
45 St & 4 Ave,11220
Nassau Ave & Russell St,11222
Eastern Pkwy & Troy Ave,11213
34 Ave & 48 St,11101
DeKalb Ave & S Portland Ave,11221
2 Ave & E 122 St,10035
Ditmars Blvd & 48 St,11370
24 St & 38 Ave,11101
South St & Pike St,10002
River Ter & Warren St,10282
Pike St & Monroe St,10002
7 Ave & 40 St,11232
2 Ave & E 99 St,10035
51 St & Queens Blvd,11104
Frederick Douglass Blvd & W 129 St,10027
Stanton St & Mangin St,10002
Adam Clayton Powell Blvd & W 138 St,10039
Sheridan Ave & E 172 St,10457
Windsor Pl & Howard Pl,11215
Front St & Jay St,11201
Carlton Ave & Park Ave,11205
5 Ave & 41 St,11232
Sherman Ave & E 166 St,10456
Macombs Rd & Featherbed Ln,10453
Southern Blvd & E 142 St,10454
19 St & 24 Ave,11105
Macombs Pl & W 152 St,10039
Humboldt St & Varet St,11211
E 11 St & Avenue B,10009
Green St & McGuinness Blvd,11222
21 St & 31 Dr,11106
Macon St & Nostrand Ave,11233
Old Fulton St,11201
Pearl St & York St,11201
Bushwick Ave & McKibbin St,11207
Adam Clayton Powell Blvd & W 141 St,10030
E 80 St & 2 Ave,10075
49 St & 31 Ave,11377
Morgan Ave & Maspeth Ave,11222
E Burnside Ave & Ryer Ave,10457
Tompkins Ave & Hopkins St,11216
Amsterdam Ave & W 180 St,10040
Columbia St & Lorraine St,11231
Jerome Ave & W 177 St,10453
Broadway & Ellwood St,10040
South St & Broad St,10038
46 St & 7 Ave,11220
Watts St & Greenwich St,10005
Greenwich St & Rector St,10006
10 Ave & W 215 St,10034
3 Ave & E 72 St,10035
Menahan St & Onderdonk Ave,11385
Bedford Ave & S 9 St,11249
48 St & Skillman Ave,11104
W 40 St & 7 Ave,10018
5 Ave & E 135 St,10037
Morris Ave & E 184 St,10468
23 Ave & 27 St,11105
21 Ave & Shore Blvd,11370
Avenue C & E 18 St,10009
21 St & Queens Plaza North,11101
Greenwich Ave & Charles St,10014
Central Ave & Flushing Ave,11206
E 142 St & 3 Ave,10454
E 1 St & Bowery,10003
7 Ave & 20 St,11215
W 181 St & Riverside Dr,10033
DeKalb Ave & Franklin Ave,11205
Metropolitan Ave & Stewart Ave,11415
67 St & Erik Pl,11220
E 161 St & River Ave,10451
Tinton Ave & E 165 St,10456
Bedford Ave & Montgomery St,11225
11 Ave & W 27 St,10001
1 St & 6 Ave,11215
Pleasant Ave & E 120 St,10035
Nassau Ave & Newell St,11222
W 35 St & Dyer Ave,10001
36 St & 4 Ave,11232
Longwood Ave & Southern Blvd,10455
W 133 St & 12 Ave,10115
Nevins St & Schermerhorn St,11217
37 Ave & 35 St,11101
Harrison St & Hudson St,10013
Graham Ave & Withers St,11211
Bayard St & Baxter St,10013
Myrtle Ave & Fleet Pl,11201
Duane St & Hudson St,10013
Bond St & Bergen St,11217
7 Ave & 62 St,11220
Ft. Washington Ave & W 190 St,10040
Leonard St & Church St,10013
31 St & Astoria Blvd,11101
2 Ave & 36 St,11232
40 Ave & Crescent St,11101
Broadway & W 168 St,10031
E 92 St & Park Ave,10128
White St & Moore St,11206
E 149 St & Morris Ave,10455
4 Ave & 9 St,11215
Edgecombe Ave & W 145 St,10030
Throop Ave & Myrtle Ave,11206
Southern Blvd & E 174 St,10460
19 St & 8 Ave,11215
35 St & 23 Ave,11101
E 98 St & Park Ave,10129
Nelson Ave & W 172 St,10452
Eldert St & Bushwick Ave,11207
Crescent St & 34 Ave,11106
Coffey St & Conover St,11231
Motorgate,10044
St Marks Pl & 4 Ave,11217
3 Ave & Schermerhorn St,11227
Stagg St & Morgan Ave,11206
Grand Ave & Bergen St,11238
W 45 St & 8 Ave,10036
E 174 St & Longfellow Ave,10460
29 St & 5 Ave,11232
Broadway & W 48 St,10019
20 Ave & 42 St,11105
Morningside Dr & Amsterdam Ave,10027
Parade Pl & Crooke Ave,11226
Freeman St & Reverend James A Polite Ave,10459
E 109 St & 3 Ave,10029
Leonard St & Boerum St,11222
Vernon Blvd & 41 Rd,11101
5 St & 51 Ave,11109
E 118 St & 3 Ave,10035
7 St & 3 Ave,11215
Centre St & Seneca Ave,11385
Vernon Blvd & 10 St,11106
31 St & Ditmars Blvd,11101
Broadway & W 122 St,10027
Pioneer St & Van Brunt St,11231
E 171 St & Webster Ave,10457
McKibbin St & Manhattan Ave,11206
Pierrepont St & Monroe Pl,11201
E 135 St & St Ann's Ave,10454
Railroad Ave & Kay Ave,11251
Hoyt St & Warren St,11217
William St & Pine St,10045
5 Ave & 37 St,11232
Park Ave & Marcus Garvey Blvd,11206
W 146 St & Broadway,10031
Franklin Ave & St Marks Ave,11238
E 158 St & Melrose Ave,10451
Avenue D & E 12 St,10009
Pacific St & Classon Ave,11238
24 Ave & 26 St,11105
Fulton St & Clermont Ave,11207
Calyer St & Jewel St,11222
63 St & 5 Ave,11220
W 144 St & Adam Clayton Powell Blvd,10030
Boerum St & Broadway,11206
Wyckoff Ave & Gates Ave,11385
Weeks Ave & E 175 St,10457
E 118 St & Madison Ave,10035
39 St & Queens Blvd,11101
Clinton St & 4 Place,11231
W 168th S & Fort Washington Ave,10032
Charlotte St & Boston Rd,10460
Amsterdam Ave & W 189 St,10040
Union St & Bedford Ave,11225
West End Ave & W 78 St,10024
E 138 St & Park Ave,10451
Concord St & Bridge St,11251
7 Ave & 17 St,11215
Caton Ave & Argyle Rd,11226
College Ave & E 170 St,10456
53 St & 4 Ave,11220
Jefferson St & Cypress Ave,11237
Madison St & Seneca Ave,11385
Van Brunt St & Wolcott St,11231
Riverside Dr & W 148 St,10031
21 St & 43 Ave,11101
Wales Ave & E 147 St,10455
Dyckman St & Staff St,10034
48 St & 37 Ave,11101
Myrtle Ave & Marcy Ave,11237
Central Ave & Starr Street,11237
Park Cir & East Dr,11218
10 Ave & W 207 St,10034
Irving Ave & Palmetto St,11237
Broadway & W 220 St,10034
3 Ave & 14 St,11215
12 St & 4 Ave,11215
Dwight St & Van Dyke St,11231
Van Sinderen Ave & Truxton St,11207
30 Ave & 41 St,11103
Bedford Park Blvd & Paul Ave,10468
Skillman Ave & 43 Ave,11101
Nelson Ave & 167 St,10452
Columbia St & Kane St,11231
6 Ave & 55 St,11220
E 167 St & Franklin Ave,10456
Garrison Ave & Manida St,10474
Walton Ave & E 153 St,10451
Grand Ave & W Fordham Rd,10468
MacDougal St & Rockaway Ave,11233
47 Ave & 31 St,11101
W 186 St & St. Nicholas Ave,10033
Engert Ave & McGuinness Blvd,11222
20 Ave & 21 St,11105
Prospect Park SW & 16 St,11215
Cedar St & Myrtle Ave,11221
36 Ave & 10 St,11106
University Ave & W 168 St,10452
Prospect Ave & E 167 St,10459
Ditmars Blvd & 73 St,11370
W 140 St & Riverside Dr,10031
University Ave & W Burnside Ave,10453
Prospect Ave & Vanderbilt St,11218
48 St & Broadway,11103
Stockholm St & Wilson Ave,11237
39 St & 50 Ave,11101
Aqueduct Ave & W 190 St,10468
Walton Ave & E 168 St,10452
37 St & 24 Ave,11101
31 Ave & 57 St,11369
42 Pl & Northern Blvd,11101
Peck Slip & South St,10038
21 St & 21 Ave,11106
Kosciuszko St & Nostrand Ave,11221
Broadway & W 192 St,10040
Lenox Ave & W 130 St,10027
51 St & Hobart St,11377
Mount Eden Pkwy & Eastburn Ave,10457
Broadway & W 138 St,10031
Stuyvesant Walk & 1 Av Loop,10009
Audobon Ave & W 179 St,10033
Rogers Pl & E 165 St,10459
Broadway & 12 St,11373
3 St & 3 Ave,11215
Walton Ave & E 183 St,10468
Murray St & West St,10007
46 St & 25 Ave,11103
Grand Concourse & E 175 St,10457
E 110 St & Madison Ave,10029
46 St & Queens Blvd,11104
Macon St & Lewis Ave,11233
Morris Ave & McClellan St,10457
4 Ave & Shore Road Dr,11220
10 St & 2 Ave,11215
48 Ave & 31 St,11101
E 155 St & Courtlandt Ave,10455
E 118 St & 1 Ave,10035
Westchester Ave & Southern Blvd,10472
E 165 St & Fox St,10459
Ditmars Blvd & 19 St,11105
44 St & Greenpoint Ave,11377
43 St & 23 Ave,11105
Adam Clayton Powell Blvd & W 151 St,10039
Franklin Ave & Myrtle Ave,11225
69 St & 43 Ave,11377
Grand Concourse & E 171 St,10452
W Tremont Ave & Grand Ave,10453
Vernon Blvd & Queens Plaza S,11101
Woodside Ave & Roosevelt Ave,11377
Madison St & Woodward Ave,11385
14 St & 7 Ave,11215
Amsterdam Ave & W 186 St,10033
34 St & 5 Ave,11232
Macon St & Howard Ave,11233
48 St & 2 Ave,11220
Frederick Douglass Blvd & Harlem River Dr,10039
21 St & 23 Ave,11106
W 192 St & University Ave,10468
Chauncey St & Howard Ave,11207
Jerome Ave & E Mosholu Parkway S,10468
35 St & 21 Ave,11105
Southern Blvd & Avenue St. John,10455
Bushwick Ave & Linden St,11221
10 St & 5 Ave,11215
Hancock St & Wyckoff Ave,11385
Boone Ave & E 172 St,10460
W 120 St & Claremont Ave,10027
Lexington Ave & E 127 St,10035
Wilkins Ave & Crotona Park E,10460
St. Ann's Ave & E 144 St,10454
Jerome Ave & Bedford Park Blvd E,10468
E 3 St & Church Ave,11218
Anthony Ave & E 175 St,10457
53 St & 5 Ave,11220
Loring Pl North & W 183 St,10468
Richardson St & N Henry St,11222
University Ave & Macombs Rd,10453
Harlem River Dr & W 155 St,10032
Forsyth St & Grand St,10002
Park Ave & E 162 St,10451
47 Ave & Skillman Ave,11101
6 Ave & 60 St,11220
St. Nicholas Ave & W 155 St,10040
41 St & 4 Ave,11232
Webster Ave & Ford St,10457
24 Ave & 29 St,11102
E 128 St & 3 Ave,10035
W 33 St & 7 Ave,10119
43 Ave & 42 St,11377
Cauldwell Ave & E 158 St,10456
Bushwick Ave & Forrest St,11206
Metropolitan Ave & Vandervoort Ave,11211
Grand Concourse & E 197 St,10458
Menahan St & Central Ave,11221
Front St & Gold St,11251
Schermerhorn St & Hoyt St,11217
43 St & 37 Ave,11101
Broadway & Kosciuszko St,11221
E 201 St & Briggs Ave,10458
43 St & Skillman Ave,11104
St. Nicholas Ave & W 157 St,10032
Vernon Blvd & 31 Ave,11106
24 St & 41 Ave,11101
W 129 St & Convent Ave,10027
Concourse Village West & E 156 St,10451
Jerome Ave & Ogden Ave,10039
Fort Washington Ave & W 173 St,10032
Onderdonk Ave & Gates Ave,11385
Brook Ave & E 138 St,10454
Southern Blvd & E 175 St,10460
E 141 St & St Ann's Ave,10454
Forest Ave & Summerfield St,11385
E 174 St & Walton Ave,10452
Broadway & W 153 St,10031
Madison St & Evergreen Ave,11221
Frederick Douglass Blvd & W 139 St,10030
Myrtle Ave & Linden St,11385
Central Ave & Melrose St,11206
Lincoln Ave & E 134 St,10454
Grand Concourse & E 196 St,10458
Prospect Ave & Jennings St,10460
Washington Ave & E 167 St,10456
Grand Concourse & E 192 St,10468
Henry St & Remsen St,11201
Washington Ave & E 174 St,10457
44 St & 6 Ave,11220
Suydam St & St. Nicholas Ave,11237
Frost St & Debevoise Ave,11211
Paul Ave & W 205 St,10468
Newton Rd & 44 St,11103
Prospect Park W & 20 St,11215
Flushing Ave & Woodward Ave,11385
47 Ave & 48 St,11104
W 155 St & Frederick Douglass Blvd,10039
31 St & Thomson Ave,11101
W 171 St & St. Nicholas Ave,10032
Southpoint Park,11109
16th St & 4th Ave,11215
49 St & 25 Ave,11103
Edgecombe Ave & W 150 St,10031
E 157 St & River Ave,10451
21 St & 4 Ave,11232
Prospect Pl & 6 Ave,11217
E 118 St & Park Ave,10035
55 St & 7 Ave,11220
Amsterdam Ave & W 172 St,10032
Greene Ave & Throop Ave,11221
E 20 St & FDR Drive,10010
Columbus Ave & W 103 St,10025
Tiebout Ave & E 184 St,10458
E 102 St & Park Ave,10029
Grand Concourse & E Mosholu Pkwy S,10467
Amsterdam Ave & W 156 St,10032
3 Ave & Wakeman Pl,11220
Bushwick Ave & Furman Ave,11207
Central Ave & Covert St,11207
Pioneer St & Richards St,11231
Southern Blvd & E 149 St,10458
Bronx Shore Comfort Station,10454
E 170 St & Sheridan Ave,10456
47 St & 3 Ave,11220
Broadway & W 133 St,10031
Grand Concourse & E 144 St,10451
2 Ave & 43 St,11232
Irving Ave & DeKalb Ave,11237
E 169 St & Webster Ave,10456
Washington Ave & E 163 St,10451
Willis Ave & E 141 St,10454
E 115 St & Madison Ave,10029
E 8 St & Caton Ave,11218
Seaman Ave & Isham St,10034
Jerome Ave & Anderson Ave,10452
E 138 St & Willow Ave,10454
Chauncey St & Stuyvesant Ave,11233
21 St & 38 Ave,11101
Ditmars Blvd & 79 St,11370
Caton Ave & E 10 St,11218
Sigourney St & Columbia St,11231
E 147 St & Bergen Ave,10455
Jerome Ave & E 164 St,10452
Troy Ave & Park Pl,11233
Convent Ave & W 135 St,10031
Plaza Dr & W 170 St,10452
Broadway & W 142 St,10031
Grand Concourse & E 156 St,10451
21 Ave & 80 St,11370
43 Ave & 47 St,11377
Greenwood Ave & E 4 St,11218
W 34 St & Hudson Blvd E,10199
27 Ave & 9 St,11102
Knickerbocker Ave & Cooper St,11207
Pitt St & Stanton St,10009
39 St & 47 Ave,11101
39 St & 2 Ave,11232
Morris Ave & E 142 St,10451
Irving Ave & Halsey St,11237
Sedgwick Ave & Hall of Fame Tce,10453
Jerome Ave & E 198 St,10468
E 144 St & Brook Ave,10454
Southern Blvd & Tiffany St,10459
Amsterdam Ave & W 136 St,10031
Amsterdam Ave & W 131 St,10027
Main St & Plymouth St,11201
Townsend Ave & E 175 St,10453
58 St & 32 Ave,11377
Broadway & 51 St,11373
Amsterdam Ave & W 162 St,10032
Clay Ave & Claremont Pkwy,10457
51 St & 43 Ave,11377
Steinway St & 23 Ave,11105
4 Ave & 26 St,11209
31 Pl & Hunters Point Ave,11101
W Fordham Rd & Loring Pl N,10468
W 135 St & Lenox Terrace Pl,10037
21 St & 36 Ave,11106
W 204 St & Nagle Ave,10034
10 Ave & W 204 St,10034
E 167 St & Bryant Ave,10459
36 St & 47 Ave,11101
Walton Ave & E 171 St,10452
Sterling Pl & New York Ave,11216
Sullivan Pl & Bedford Ave,11225
W 38 St & 9 Ave,10018
Montgomery St & Franklin Ave,11225
Stuyvesant Ave & Hart St,11206
Knickerbocker Ave & Halsey St,11207
Putnam Ave & Knickerbocker Ave,11237
Lewis Ave & Greene Ave,11221
3 Ave & E 172 St,10457
10 Ave & W 202 St,10034
57 St & 4 Ave,11220
Hudson St & N Moore St,10014
52 St & 6 Ave,11220
St. Ann's Av & Bruckner Blvd,10454
Broadway & Furman Ave,11207
Liberty St & Broadway,10005
Macombs Rd & W 175 St,10453
59 St & 5 Ave,11220
Valentine Ave & E 181 St,10457
Academy St & Nagle Ave,10034
Brook Ave & E 157 St,10451
Walnut Ave & E 136 St,10454
Bradhurst Ave & W 148 St,10039
50 St & Northern Blvd,11377
Amsterdam Ave & W 167 St,10032
Longfellow Ave & E 165 St,10459
Tiebout Ave & E Fordham Road,10458
E 138 St & Canal St W,10451
Bainbridge Ave & E 196 St,10458
Brook Ave & E 148 St,10455
Sumpter St & Fulton St,11207
Goulden Ave & Bedford Park Blvd W,10468
Prospect Park SW & Vanderbilt St,11218
33 St & 47 Ave,11101
Kent St & McGuinness Blvd,11222
Woodward Ave & Harman St,11385
Barry St & Tiffany St,10474
Pinehurst Ave & W 187 St,10033
43 Ave & 40 St,11104
Melrose Ave & E 154 St,10455
Ryer Ave & E 182 St,10457
Pier 40 Dock Station,10014
Jerome Ave & W 193 St,10468
Putnam Ave & Ralph Ave,11221
46 St & 30 Rd,11103
Hazen St & 20 Ave,11370
Morris Ave & E Burnside Ave,10453
Harrison Pl & Porter Ave,11237
Grand Concourse & E 203 St,10458
W Burnside Ave & University Ave,10453
Fulton Ave & E 172 St,10457
Clinton St & Centre St,11231
41 Ave & 67 St,11377
Aqueduct Ave & North St,10468
Boerum Pl	& Pacific St,11201
61 St & Queens Blvd,11377
Nostrand Ave & Myrtle Ave,11235
Knickerbocker Ave & Hancock St,11221
Amsterdam Ave & W 183 St,10033
E 153 St & E 157 St,10451
20 Ave & 48 St,11105
Steinway St & 19 Ave,11105
E Tremont Ave & Jerome Ave,10457
Ogden Ave & Merriam Ave,10452
53 St & 2 Ave,11232
W 190 St & Broadway,10040
Crotona Park East & E 173 St,10460
W Tremont Ave & Matthewson Rd,10453
E 170 St & Clay Ave,10456
Fulton Ave & St. Paul's Pl,10456
Webb Ave & W 190 St,10468
Dyckman St & Henshaw St,10034
E 138 St & Grand Concourse,10454
Church St & Worth St,10013
5 Ave & 66 St,11220
Carroll St & Washington Ave,11225
W 159 St & Edgecombe Ave,10032
Valentine Ave & E 183 St,10457
Caton Ave & E 7 St,11218
Prospect Ave & Greenwood Ave,11218
Bergen Ave & E 152 St,10455
Grand Concourse & E 205 St,10468
Thomas S. Boyland St & Macon St,11212
Seneca Ave & Irvine St,10474
65 St & 2 Ave,11220
Bay St & Court St,11231
Freeman St & Southern Blvd,10459
W 170 St & University Ave,10452
Willow Ave & E 133 St,10454
9 Ave & W 39 St,10018
W 176 St & Montgomery Ave,10453
30 St & 48 Ave,11101
Bainbridge Ave & E 198 St,10458
23 St & 3 Ave,11232
Marion Ave & Mosholu Pkwy,10458
Steinway St & Ditmars Blvd,11101
W 163 St & Edgecombe Ave,10032
E 141 St & Jackson Ave,10454
Goulden Ave & W 205 St,10468
3 Ave & Franklin Ave,10456
E 133 St & Cypress Pl,10454
Old Broadway & W 133 St,10027
Faile St & Garrison Ave,10474
Wakeman Pl & Ridge Blvd,11220
48 Ave & 41 St,11377
27 Ave & 3 St,11102
Wolcott St & Dwight St,11231
Sedgwick Ave & W Tremont Ave,10453
48 St & 5 Ave,11220
Stephen St & Seneca Ave,11385
Jerome Ave & W 184 St,10468
Waterloo Pl & Crotona Park East,10460
Alexander Ave & E 134 St,10454
Bradley Ave & Greenpoint Ave,11101
Morris Ave & E 153 St,10451
Westchester Ave & E 156 St,10455
E 169 St & Fox St,10459
Brook Ave & E 141 St,10454
Borden Ave & Review Ave,11101
76 St & 21 Ave,11370
E 149 St & Jackson Ave,10455
Henry St & W 9 St,11231
34 St & 48 Ave,11101
Riverside Dr & Broadway,10034
Knickerbocker Ave & Moffat St,11207
River Ave & McClellan St,10452
Lafayette Ave & Hunts Point Ave,10474
Prospect Ave & Longwood Ave,10455
20 Ave & 31 St,11105
New York Ave & St Marks Ave,11216
Jerome Ave & W Fordham Rd,10468
Grand Concourse & E 164 St,10452
Moffat St & Bushwick,11207
Murray St	& West St,10282
Ogden Ave & W 164 St,10452
Bailey Ave & Sedgwick Ave,10468
Morgan Loading Docks,11237
36 St & Hunters Point Ave,11101
48 St & Barnett Ave,11104
Webster Ave & E 166 St,10456
Decatur Ave & Oliver Pl,10458
44 St & 3 Ave,11232
Gerard Ave & E 164 St,10452
Dyckman St & 10 Ave,10034
Monroe St & Patchen Ave,11221
Morris Ave & E 171 St,10457
E 138 St & 5 Av,10030
W 34 St &	Hudson Blvd E,10199
50 St & 30 Ave,11377
Skillman Ave & Honeywell St,11101
Paul Ave & Mosholu Pkwy,10468
Fulton St & Pearl St,10004
20 Ave & 33 St,11105
Ft. Hamilton Pkwy & E 5 St,11218
Crotona Park North & Prospect Ave,10457
55 St & Northern Blvd,11377
Margaret Corbin Plz & Ft Washington Ave,10040
Grand Ave & W 181 St,10453
Union Ave & E 169 St,10459
Queens Blvd & 56 St,11377
Edgecombe Ave & W 167 St,10032
Woodside Ave & 55 St,11373
Pacific St & Troy Ave,11213
E 165 St & Jerome Ave,10456
31 Ave & 61 St,11369
Audubon Ave & W 192 St,10040
Cedar Ave & W Fordham Rd,10468
Bergen St & Kingston Ave,11213
Sterling Pl & Schenectady Ave,11213
30 Ave & 12 St,11102
55 St & 5 Ave,11220
Bainbridge Ave & Bedford Park Blvd,10458
Broadway & W 185 St,10033
E 85 St & East End Ave,10028
39 Ave & 54 St,11377
E 156 St & Courtlandt Ave,10455
Morris Canal,07302
Andrews Ave S & W 179 St,10453
E Mosholu Pkwy & E 204 St,10458
Carlton Ave & St Marks Ave,11238
Hamilton Pl & W 138 St,10031
Courtlandt Ave & E 157 St,10451
43 St & 50 Ave,11104
Grand Concourse & E 199 St,10458
Bailey Ave & W 193 St,10463
58 St & 2 Ave - Brooklyn Army Terminal Vaccination Site,11220
61 St & 39 Ave,11377
Sunken Meadow Comfort Station,
60 St & 37 Ave,11377
W 211 St & 10 Ave,10034
Louis Nine Blvd & Intervale Ave,10459
50 St & Barnett Ave,11104
Bergen Ave,07304
54 St & 37 Ave,11377
Audubon Ave & Fort George Ave,10040
MacDonough St & Malcolm X Blvd,11233
42 St & 1 Ave,11232
Clay Ave & E 173 St,10457
Monroe St & Marcus Garvey Blvd,11221
2 Ave & 39 St,11232
Chauncey St & Malcolm X Blvd,11233
E Mosholu Pkwy & Van Cortlandt Ave E,10458
Hunts Point Ave & Bryant Ave,10474
46 St & 6 Ave,11220
West Farms Rd & Boone Ave,10459
Hancock St & Malcolm X Blvd,11233
Eastern Pkwy & Rochester Ave,11213
Greenpoint Ave & 47 St,11377
Kingston Ave & Park Pl,11225
3 Ave & E 174 St,10457
Malcolm X Blvd & DeKalb Ave,11233
Gerard Ave & E 165 St,10452
Dawson St & Intervale Ave,10459
Bainbridge Ave & E 193 St,10458
Nassau St & Duffield St,11201
Jerome Ave & E 181 St,10468
62 St & 4 Ave,11220
64 St & 3 Ave,11220
Prospect Pl & Nostrand Ave,11216
Somers St & Broadway,11233
Halsey St & Ralph Ave,11233
40 St & Queens Blvd,11104
Andrew Ave N & Hall of Fame Tce,10468
Pacific St & Nostrand Ave,11216
2 Av & 37 St,11232
57 St & 1 Ave - Brooklyn Army Terminal Vaccination Site,11220
65 St & Broadway,11373
Vernon Blvd & 30 Rd,11106
41 St & 3 Ave,11232
Keegan Rd & 2 Ave,11220
Thomas S. Boyland St & Marion St,11212
Forsyth St	& Grand St,10002
61 St & Laurel Hill Blvd,11377
Woodside Ave & 60 St,11377
67 St & Ridge Blvd,11220
Eastern Pkwy & Kingston Ave,11213
Decatur Ave & Bedford Park Blvd,10458
Madison St & Malcolm X Blvd,11221
Skillman Ave & 54 St,11377
Southern Blvd & E 172 St,10460
E 134 St & Walnut Ave,10454
Buchanan Pl & Grand Ave,10453
E 165 St & Clay Ave,10456
57 St & 43 Ave,11377
Harborside,07311
St Marks Ave & Rochester Ave,11213
Featherbed Ln & Jerome Ave,10453
53 St & Roosevelt Ave,11377
Ralph Ave & Fulton St,11233
Albany Ave & Park Pl,11213
Van Dam St & Review Ave,11104
9 Ave & W 206 St,10034
Thomas S. Boyland St & Fulton St,11212
MacDonough St & Marcy Ave,11216
W 190 St & St. Nicholas Ave,10040
Broad St & Water St,10004
Macon St & Patchen Ave,11233
Bergen St & Troy Ave,11213
Schenectady Ave & Prospect Pl,11213
Wyckoff St & 3 Ave,11217
Lafayette Ave & Stuyvesant Ave,11221
9 Ave & W 204 St,10034
39 Ave & 56 St,11377
Fulton St & Saratoga Ave,11207
McGinley Square,07306
62 St & 34 Ave,11377
37 Ave & 63 St,11377
Sterling Pl & Rochester Ave,11213
3 Ave & E 174 St - Bathgate Vaccination Site,10457
Patchen Ave & Bainbridge St,11233
St. Johns Pl & Kingston Ave,11213
Park Pl & Buffalo Ave,11213
Broadway and Berry St,11249
72 St & Woodside Ave,11377
Woodside Ave & 69 St,11377
9 Ave & W 219 St,10034
Herkimer St & New York Ave,11216
65 St & Roosevelt Ave,11377
Folin St & E 181 St,10457
Park Pl & Utica Ave,11213
Decatur St & Saratoga Ave,11233
Nassau St	& Duffield St,11201
12 St & Sinatra Dr N,07030
Van Sinderen Ave & Atlantic Ave,11207
W 212 St & 10 Ave,10034
Washington St,07302
57 St & 37 Ave,11377
Lab - NYC,10001
Hamilton Park,07302
Pier 40 X2,10014
Morgan WH station,11237
Paulus Hook,07302
Herkimer St & Eastern Pkwy,11233
Amsterdam Ave & W 189 St new,10040
14 St Ferry - 14 St & Shipyard Ln,07030
Troy Ave & Sterling Pl,11233
Prospect Pl & Howard Ave,11233
Brooklyn Ave & Dean St,11216
College Ave & E 169 St,10456
Pacific St & Utica Ave,11213
Skillman Ave & 32 Pl,11101
Grand St,07311
E 6 St 2 Ave,10003
Bloomfield St & 15 St,07086
Bergen St & Buffalo Ave,11233
Glenwood Ave,07304
Church St & Thomas St,10013
11 St & Washington St,07030
Sterling Pl & Ralph Ave,11233
Somers St & Rockaway Ave,11233
Eastern Pkwy & Ralph Ave,11212
St Johns Pl & Utica Ave,11213
Essex Light Rail,07302
Columbus Drive,07302
Marin Light Rail,07302
Warren St,07302
2 Ave & 44 St,11220
Morgan Bike Mechanics,11237
Bergen St & Saratoga Ave,11233
Montgomery St,07302
Columbus Pl & Atlantic Ave,11233
Newark Ave,07302
Columbus Dr at Exchange Pl,07311
Newport Pkwy,07310
Sharon St & Olive St_new,11211
Jersey & 6th St,07302
Newport PATH,07310
Bergen Ave & Stegman St,07305
Pacific St & Rochester Ave,11233
Pacific St & Ralph Ave,11233
Columbus Park - Clinton St & 9 St,07030
Van Vorst Park,07302
Park Pl & Thomas S. Boyland St,11233
St Marks Ave & Ralph Ave,11233
Willow Ave & 12 St,07030
Buffalo Ave & St Johns Pl,11233
Lafayette Park,07304
Adams St & 11 St,07030
Morgan Tech Shop parts testing,11206
Liberty Light Rail,07304
JC Medical Center,07302
Grand St & 14 St,07030
W 40 St & 8 Ave,10018
Pershing Field,07307
Lincoln Pl & Nostrand Ave,11216
Pacific St & Thomas S. Boyland St,11233
Hudson St & 4 St,07030
Hoboken Terminal - River St & Hudson Pl,07030
7 St & Monroe St,07030
Clinton St & Newark St,07310
Christ Hospital,07306
Manila & 1st,07302
Bergen Ave & Sip Ave,07306
City Hall,07302
Church Sq Park - 5 St & Park Ave,07030
Hoboken Terminal - Hudson St & Hudson Pl,07030
Astor Place,07304
South Waterfront Walkway - Sinatra Dr & 1 St,07030
9 St HBLR - Jackson St & 8 St,07030
Dey St,07306
8 St & Washington St,07030
StuyTown Depot,10036
Schenectady Ave & Pacific St,11213
Lexington Ave & Stuyvesant Ave,11221
Monmouth and 6th,07302
Jersey & 3rd,07302
Marshall St & 2 St,07307
Baldwin at Montgomery,07306
Heights Elevator,07307
Apache,11215
4 St & Grand St,07030
Hoboken Ave at Monmouth St,07310
6 St & Grand St,07030
NYCBS DEPOT - DELANCEY,10002
Grove St PATH,07302
Lincoln Park,07304
Journal Square,07306
Stevens - River Ter & 6 St,07030
Madison St & 10 St,07030
Jackson Square,07304
